Latitude,Longitude,OBJECTID,PONTO_RECOLHA_FREGUESIA,PONTO_RECOLHA_LOCAL,CONTENTOR_RESiDUO,CONTENTOR_TIPO,CONTENTOR_CAPACIDADE,CONTENTOR_QT,CONTENTOR_TOTAL_LITROS
-9.143308809,38.70807879,355,Misericordia,15805: R do Alecrim (Par (->)(26->30): R Ferragial - R Ataide),Lixos,CV0090,90,1,90
-9.143308809,38.70807879,356,Misericordia,15805: R do Alecrim (Par (->)(26->30): R Ferragial - R Ataide),Lixos,CV0240,240,7,1680
-9.143308809,38.70807879,357,Misericordia,15805: R do Alecrim (Par (->)(26->30): R Ferragial - R Ataide),Lixos,CV0090,90,1,90
-9.143308809,38.70807879,358,Misericordia,15805: R do Alecrim (Par (->)(26->30): R Ferragial - R Ataide),Papel e Cartao,CV0240,240,6,1440
-9.143308809,38.70807879,359,Misericordia,15805: R do Alecrim (Par (->)(26->30): R Ferragial - R Ataide),Papel e Cartao,CV0090,90,1,90
-9.143377778,38.70807819,364,Misericordia,15806: R do Alecrim (Impar (27->53)(->): R Ataide - R Ferragial),Lixos,CV0240,240,1,240
-9.143377778,38.70807819,365,Misericordia,15806: R do Alecrim (Impar (27->53)(->): R Ataide - R Ferragial),Lixos,CV0140,140,6,840
-9.143377778,38.70807819,366,Misericordia,15806: R do Alecrim (Impar (27->53)(->): R Ataide - R Ferragial),Lixos,CV0120,120,1,120
-9.143377778,38.70807819,367,Misericordia,15806: R do Alecrim (Impar (27->53)(->): R Ataide - R Ferragial),Lixos,CV0090,90,2,180
-9.143377778,38.70807819,368,Misericordia,15806: R do Alecrim (Impar (27->53)(->): R Ataide - R Ferragial),Lixos,CV0240,240,1,240
-9.143377778,38.70807819,369,Misericordia,15806: R do Alecrim (Impar (27->53)(->): R Ataide - R Ferragial),Lixos,CV0140,140,6,840
-9.143377778,38.70807819,370,Misericordia,15806: R do Alecrim (Impar (27->53)(->): R Ataide - R Ferragial),Lixos,CV0120,120,1,120
-9.143377778,38.70807819,360,Misericordia,15806: R do Alecrim (Impar (27->53)(->): R Ataide - R Ferragial),Lixos,CV0090,90,2,180
-9.143377778,38.70807819,361,Misericordia,15806: R do Alecrim (Impar (27->53)(->): R Ataide - R Ferragial),Papel e Cartao,CV0140,140,2,280
-9.143377778,38.70807819,362,Misericordia,15806: R do Alecrim (Impar (27->53)(->): R Ataide - R Ferragial),Papel e Cartao,CV0090,90,1,90
-9.143377778,38.70807819,363,Misericordia,15806: R do Alecrim (Impar (27->53)(->): R Ataide - R Ferragial),Papel e Cartao,CA0090,90,1,90
-9.143481807,38.70730262,371,Misericordia,15807: R do Alecrim (Impar (5->25)(->): R Ferragial - Pc Duque da Terceira),Lixos,CV0240,240,1,240
-9.143481807,38.70730262,372,Misericordia,15807: R do Alecrim (Impar (5->25)(->): R Ferragial - Pc Duque da Terceira),Lixos,CV0140,140,3,420
-9.143481807,38.70730262,373,Misericordia,15807: R do Alecrim (Impar (5->25)(->): R Ferragial - Pc Duque da Terceira),Lixos,CV0240,240,1,240
-9.143481807,38.70730262,374,Misericordia,15807: R do Alecrim (Impar (5->25)(->): R Ferragial - Pc Duque da Terceira),Lixos,CV0140,140,3,420
-9.143481807,38.70730262,375,Misericordia,15807: R do Alecrim (Impar (5->25)(->): R Ferragial - Pc Duque da Terceira),Papel e Cartao,CV0240,240,1,240
-9.143481807,38.70730262,376,Misericordia,15807: R do Alecrim (Impar (5->25)(->): R Ferragial - Pc Duque da Terceira),Papel e Cartao,CV0140,140,1,140
-9.142550987,38.70732868,377,Misericordia,15808: R Corpo Santo (Ambos (->)(10->26): Lg Corpo Santo - Tv Corpo Santo),Lixos,CV0140,140,2,280
-9.142550987,38.70732868,378,Misericordia,15808: R Corpo Santo (Ambos (->)(10->26): Lg Corpo Santo - Tv Corpo Santo),Lixos,CV0240,240,4,960
-9.142550987,38.70732868,379,Misericordia,15808: R Corpo Santo (Ambos (->)(10->26): Lg Corpo Santo - Tv Corpo Santo),Lixos,CV0140,140,2,280
-9.142550987,38.70732868,380,Misericordia,15808: R Corpo Santo (Ambos (->)(10->26): Lg Corpo Santo - Tv Corpo Santo),Lixos,CV0240,240,4,960
-9.142765961,38.70708361,381,Misericordia,15809: Tv Corpo Santo (Ambos (->)(->): R Corpo Santo - R Bernardino da Costa),Lixos,CV0140,140,2,280
-9.142765961,38.70708361,382,Misericordia,15809: Tv Corpo Santo (Ambos (->)(->): R Corpo Santo - R Bernardino da Costa),Lixos,CV0120,120,1,120
-9.142622569,38.70669752,383,Misericordia,15810: Tv Corpo Santo (Ambos (->)(->): R Bernardino da Costa - Cais do Sodre),Lixos,CV0240,240,4,960
-9.142622569,38.70669752,384,Misericordia,15810: Tv Corpo Santo (Ambos (->)(->): R Bernardino da Costa - Cais do Sodre),Lixos,CV0240,240,4,960
-9.142622569,38.70669752,385,Misericordia,15810: Tv Corpo Santo (Ambos (->)(->): R Bernardino da Costa - Cais do Sodre),Papel e Cartao,CV0240,240,1,240
-9.142408356,38.70699663,386,Misericordia,15811: R Bernardino da Costa (Ambos (7->29)(->22): Lg Corpo Santo - Tv Corpo Santo),Lixos,CV0140,140,3,420
-9.142408356,38.70699663,387,Misericordia,15811: R Bernardino da Costa (Ambos (7->29)(->22): Lg Corpo Santo - Tv Corpo Santo),Lixos,CV0240,240,4,960
-9.142408356,38.70699663,388,Misericordia,15811: R Bernardino da Costa (Ambos (7->29)(->22): Lg Corpo Santo - Tv Corpo Santo),Lixos,CV0140,140,3,420
-9.142408356,38.70699663,389,Misericordia,15811: R Bernardino da Costa (Ambos (7->29)(->22): Lg Corpo Santo - Tv Corpo Santo),Lixos,CV0240,240,4,960
-9.142408356,38.70699663,390,Misericordia,15811: R Bernardino da Costa (Ambos (7->29)(->22): Lg Corpo Santo - Tv Corpo Santo),Papel e Cartao,CV0240,240,1,240
-9.143050155,38.70685596,391,Misericordia,15812: R Bernardino da Costa (Ambos (35->45)(32->54): Tv Corpo Santo - Pc Duque da Terceira),Lixos,CV0140,140,5,700
-9.143050155,38.70685596,392,Misericordia,15812: R Bernardino da Costa (Ambos (35->45)(32->54): Tv Corpo Santo - Pc Duque da Terceira),Lixos,CV0240,240,3,720
-9.143050155,38.70685596,393,Misericordia,15812: R Bernardino da Costa (Ambos (35->45)(32->54): Tv Corpo Santo - Pc Duque da Terceira),Lixos,CV0120,120,3,360
-9.143050155,38.70685596,394,Misericordia,15812: R Bernardino da Costa (Ambos (35->45)(32->54): Tv Corpo Santo - Pc Duque da Terceira),Lixos,CV0140,140,5,700
-9.143050155,38.70685596,395,Misericordia,15812: R Bernardino da Costa (Ambos (35->45)(32->54): Tv Corpo Santo - Pc Duque da Terceira),Lixos,CV0240,240,3,720
-9.143050155,38.70685596,396,Misericordia,15812: R Bernardino da Costa (Ambos (35->45)(32->54): Tv Corpo Santo - Pc Duque da Terceira),Lixos,CV0120,120,3,360
-9.151251124,38.70877545,397,Misericordia,15813: Lg Conde-Barao (Ambos (1->57)(4->50): R da Boavista - Bqr do Duro),Lixos,CV0240,240,10,2400
-9.151251124,38.70877545,398,Misericordia,15813: Lg Conde-Barao (Ambos (1->57)(4->50): R da Boavista - Bqr do Duro),Lixos,CV0140,140,7,980
-9.151251124,38.70877545,399,Misericordia,15813: Lg Conde-Barao (Ambos (1->57)(4->50): R da Boavista - Bqr do Duro),Lixos,CV0090,90,1,90
-9.151251124,38.70877545,400,Misericordia,15813: Lg Conde-Barao (Ambos (1->57)(4->50): R da Boavista - Bqr do Duro),Lixos,CV0240,240,10,2400
-9.151251124,38.70877545,401,Misericordia,15813: Lg Conde-Barao (Ambos (1->57)(4->50): R da Boavista - Bqr do Duro),Lixos,CV0140,140,7,980
-9.151251124,38.70877545,402,Misericordia,15813: Lg Conde-Barao (Ambos (1->57)(4->50): R da Boavista - Bqr do Duro),Lixos,CV0090,90,1,90
-9.151789464,38.70863563,406,Misericordia,15814: Lg Conde-Barao (Ambos (25->29)(22->32): Bqr do Duro - R Mastros),Lixos,CV0120,120,2,240
-9.151789464,38.70863563,407,Misericordia,15814: Lg Conde-Barao (Ambos (25->29)(22->32): Bqr do Duro - R Mastros),Lixos,CV0140,140,5,700
-9.151789464,38.70863563,408,Misericordia,15814: Lg Conde-Barao (Ambos (25->29)(22->32): Bqr do Duro - R Mastros),Lixos,CV0090,90,1,90
-9.151789464,38.70863563,409,Misericordia,15814: Lg Conde-Barao (Ambos (25->29)(22->32): Bqr do Duro - R Mastros),Lixos,CV0240,240,2,480
-9.151789464,38.70863563,410,Misericordia,15814: Lg Conde-Barao (Ambos (25->29)(22->32): Bqr do Duro - R Mastros),Lixos,CV0120,120,2,240
-9.151789464,38.70863563,403,Misericordia,15814: Lg Conde-Barao (Ambos (25->29)(22->32): Bqr do Duro - R Mastros),Lixos,CV0140,140,5,700
-9.151789464,38.70863563,404,Misericordia,15814: Lg Conde-Barao (Ambos (25->29)(22->32): Bqr do Duro - R Mastros),Lixos,CV0090,90,1,90
-9.151789464,38.70863563,405,Misericordia,15814: Lg Conde-Barao (Ambos (25->29)(22->32): Bqr do Duro - R Mastros),Lixos,CV0240,240,2,480
-9.152018979,38.70860661,411,Misericordia,15815: Lg Conde-Barao (Ambos (35->39)(34->38): R Mastros - Tv do Cais do Tojo),Lixos,CV0120,120,1,120
-9.152018979,38.70860661,412,Misericordia,15815: Lg Conde-Barao (Ambos (35->39)(34->38): R Mastros - Tv do Cais do Tojo),Lixos,CV0140,140,2,280
-9.152018979,38.70860661,413,Misericordia,15815: Lg Conde-Barao (Ambos (35->39)(34->38): R Mastros - Tv do Cais do Tojo),Lixos,CV0240,240,1,240
-9.152018979,38.70860661,414,Misericordia,15815: Lg Conde-Barao (Ambos (35->39)(34->38): R Mastros - Tv do Cais do Tojo),Lixos,CV0120,120,1,120
-9.152018979,38.70860661,415,Misericordia,15815: Lg Conde-Barao (Ambos (35->39)(34->38): R Mastros - Tv do Cais do Tojo),Lixos,CV0140,140,2,280
-9.152018979,38.70860661,416,Misericordia,15815: Lg Conde-Barao (Ambos (35->39)(34->38): R Mastros - Tv do Cais do Tojo),Lixos,CV0240,240,1,240
-9.149105527,38.70907338,417,Misericordia,15818: Tv Marquês de Sampaio (Ambos (->)(->): R da Boavista - R da Boavista),Lixos,CV0240,240,1,240
-9.147649761,38.70856359,418,Misericordia,15819: R da Boavista (Ambos (1->9)(2->32): R Sao Paulo - Tv Marquês de Sampaio),Lixos,CV0140,140,9,1260
-9.147649761,38.70856359,419,Misericordia,15819: R da Boavista (Ambos (1->9)(2->32): R Sao Paulo - Tv Marquês de Sampaio),Lixos,CV0120,120,2,240
-9.147649761,38.70856359,420,Misericordia,15819: R da Boavista (Ambos (1->9)(2->32): R Sao Paulo - Tv Marquês de Sampaio),Lixos,CV0240,240,3,720
-9.147649761,38.70856359,421,Misericordia,15819: R da Boavista (Ambos (1->9)(2->32): R Sao Paulo - Tv Marquês de Sampaio),Lixos,CV0090,90,2,180
-9.147649761,38.70856359,422,Misericordia,15819: R da Boavista (Ambos (1->9)(2->32): R Sao Paulo - Tv Marquês de Sampaio),Lixos,CV1100,1100,1,1100
-9.14857178,38.70872672,423,Misericordia,15820: R da Boavista (Ambos (->)(34->84): Tv Marquês de Sampaio - Bqr dos Ferreiros),Lixos,CV0140,140,6,840
-9.14857178,38.70872672,424,Misericordia,15820: R da Boavista (Ambos (->)(34->84): Tv Marquês de Sampaio - Bqr dos Ferreiros),Lixos,CV0240,240,2,480
-9.14857178,38.70872672,425,Misericordia,15820: R da Boavista (Ambos (->)(34->84): Tv Marquês de Sampaio - Bqr dos Ferreiros),Lixos,CV0090,90,1,90
-9.149113446,38.7088211,426,Misericordia,15821: R da Boavista (Ambos (45->49)(86->90): Bqr dos Ferreiros - Tv Marquês de Sampaio),Lixos,CV0140,140,2,280
-9.149113446,38.7088211,427,Misericordia,15821: R da Boavista (Ambos (45->49)(86->90): Bqr dos Ferreiros - Tv Marquês de Sampaio),Lixos,CV0240,240,2,480
-9.149113446,38.7088211,428,Misericordia,15821: R da Boavista (Ambos (45->49)(86->90): Bqr dos Ferreiros - Tv Marquês de Sampaio),Lixos,CV0090,90,1,90
-9.149493546,38.70887183,429,Misericordia,"15822: R da Boavista (Ambos (51->67)(96->118): Tv Marquês de Sampaio - Pto Galega (Rua da Boavista, 118))",Lixos,CV0090,90,2,180
-9.149493546,38.70887183,430,Misericordia,"15822: R da Boavista (Ambos (51->67)(96->118): Tv Marquês de Sampaio - Pto Galega (Rua da Boavista, 118))",Lixos,CV0120,120,1,120
-9.149493546,38.70887183,431,Misericordia,"15822: R da Boavista (Ambos (51->67)(96->118): Tv Marquês de Sampaio - Pto Galega (Rua da Boavista, 118))",Lixos,CV0140,140,1,140
-9.149493546,38.70887183,432,Misericordia,"15822: R da Boavista (Ambos (51->67)(96->118): Tv Marquês de Sampaio - Pto Galega (Rua da Boavista, 118))",Lixos,CV0240,240,3,720
-9.150183884,38.70891086,433,Misericordia,"15823: R da Boavista (Ambos (69->83)(120->176): Pto Galega (Rua da Boavista, 118) - R Instituto Industrial)",Lixos,CV0140,140,12,1680
-9.150183884,38.70891086,434,Misericordia,"15823: R da Boavista (Ambos (69->83)(120->176): Pto Galega (Rua da Boavista, 118) - R Instituto Industrial)",Lixos,CV0090,90,3,270
-9.150183884,38.70891086,435,Misericordia,"15823: R da Boavista (Ambos (69->83)(120->176): Pto Galega (Rua da Boavista, 118) - R Instituto Industrial)",Lixos,CV0240,240,13,3120
-9.150183884,38.70891086,436,Misericordia,"15823: R da Boavista (Ambos (69->83)(120->176): Pto Galega (Rua da Boavista, 118) - R Instituto Industrial)",Lixos,CV0120,120,1,120
-9.150793117,38.70890555,437,Misericordia,15824: R da Boavista (Ambos (->93)(180->186): R Instituto Industrial - Lg Conde-Barao),Lixos,CV0140,140,2,280
-9.150793117,38.70890555,438,Misericordia,15824: R da Boavista (Ambos (->93)(180->186): R Instituto Industrial - Lg Conde-Barao),Lixos,CV0120,120,1,120
-9.150793117,38.70890555,439,Misericordia,15824: R da Boavista (Ambos (->93)(180->186): R Instituto Industrial - Lg Conde-Barao),Lixos,CV0090,90,1,90
-9.152060348,38.70828196,440,Misericordia,15825: Tv do Cais do Tojo (Ambos (->)(->): R Cais do Tojo - R Cais do Tojo),Lixos,CV0140,140,1,140
-9.152472114,38.70813424,441,Misericordia,15827: R Cais do Tojo (Ambos (33->57)(34->62): Av Dom Carlos I - Tv do Cais do Tojo),Lixos,CV0240,240,8,1920
-9.152472114,38.70813424,442,Misericordia,15827: R Cais do Tojo (Ambos (33->57)(34->62): Av Dom Carlos I - Tv do Cais do Tojo),Lixos,CV0120,120,1,120
-9.151783576,38.70822132,443,Misericordia,15828: R Cais do Tojo (Ambos (1->29)(10->30): Tv do Cais do Tojo - Bqr do Duro),Lixos,CV0090,90,1,90
-9.151783576,38.70822132,444,Misericordia,15828: R Cais do Tojo (Ambos (1->29)(10->30): Tv do Cais do Tojo - Bqr do Duro),Lixos,CV0120,120,1,120
-9.151783576,38.70822132,445,Misericordia,15828: R Cais do Tojo (Ambos (1->29)(10->30): Tv do Cais do Tojo - Bqr do Duro),Lixos,CV0140,140,3,420
-9.151783576,38.70822132,446,Misericordia,15828: R Cais do Tojo (Ambos (1->29)(10->30): Tv do Cais do Tojo - Bqr do Duro),Lixos,CV0240,240,2,480
-9.151544743,38.70840356,447,Misericordia,15830: Bqr do Duro (Ambos (->)(->): R Cais do Tojo - R Cais do Tojo),Lixos,CV0240,240,5,1200
-9.151388528,38.70792751,448,Misericordia,15831: Bqr do Duro (Ambos (45->59)(34->54): R Cais do Tojo - R Dom Luis I),Lixos,CV0120,120,2,240
-9.151388528,38.70792751,449,Misericordia,15831: Bqr do Duro (Ambos (45->59)(34->54): R Cais do Tojo - R Dom Luis I),Lixos,CV0090,90,1,90
-9.151388528,38.70792751,450,Misericordia,15831: Bqr do Duro (Ambos (45->59)(34->54): R Cais do Tojo - R Dom Luis I),Lixos,CV0140,140,2,280
-9.151388528,38.70792751,451,Misericordia,15831: Bqr do Duro (Ambos (45->59)(34->54): R Cais do Tojo - R Dom Luis I),Lixos,CV0240,240,3,720
-9.147513949,38.71033931,452,Misericordia,"15832: Tv Santa Catarina, 4-6",Lixos,CV0240,240,1,240
-9.147513949,38.71033931,453,Misericordia,"15832: Tv Santa Catarina, 4-6",Lixos,CV0240,240,1,240
-9.147513949,38.71033931,454,Misericordia,"15832: Tv Santa Catarina, 4-6",Vidro,CV0240,240,1,240
-9.148566019,38.70994283,455,Misericordia,"15833: R Ferreiros a Santa Catarina, 20",Lixos,CV0240,240,3,720
-9.148566019,38.70994283,456,Misericordia,"15833: R Ferreiros a Santa Catarina, 20",Lixos,CV0240,240,3,720
-9.150464329,38.70680059,457,Misericordia,15834: R Instituto Industrial (Ambos (1->5)(2->14): Av 24 de Julho - R Dom Luis I),Lixos,CV0140,140,1,140
-9.150464329,38.70680059,458,Misericordia,15834: R Instituto Industrial (Ambos (1->5)(2->14): Av 24 de Julho - R Dom Luis I),Lixos,CV0240,240,8,1920
-9.15054864,38.70788079,459,Misericordia,15836: R Instituto Industrial (Ambos (7->9)(16->22): R Dom Luis I - R da Boavista),Lixos,CV0240,240,23,5520
-9.15054864,38.70788079,460,Misericordia,15836: R Instituto Industrial (Ambos (7->9)(16->22): R Dom Luis I - R da Boavista),Lixos,CV0140,140,1,140
-9.148518124,38.70980813,461,Misericordia,"15838: R Santa Catarina, 19",Lixos,CV0240,240,4,960
-9.148518124,38.70980813,462,Misericordia,"15838: R Santa Catarina, 19",Lixos,CV0240,240,4,960
-9.147044252,38.70801938,463,Misericordia,15841: R Moeda (Ambos (1->11)(2->6): R Sao Paulo - Pc Dom Luis I),Lixos,CV0240,240,9,2160
-9.147044252,38.70801938,464,Misericordia,15841: R Moeda (Ambos (1->11)(2->6): R Sao Paulo - Pc Dom Luis I),Lixos,CV0140,140,5,700
-9.147044252,38.70801938,465,Misericordia,15841: R Moeda (Ambos (1->11)(2->6): R Sao Paulo - Pc Dom Luis I),Lixos,CV0240,240,9,2160
-9.147044252,38.70801938,466,Misericordia,15841: R Moeda (Ambos (1->11)(2->6): R Sao Paulo - Pc Dom Luis I),Lixos,CV0140,140,5,700
-9.146144218,38.70778398,467,Misericordia,15842: Tv Carvalho (Ambos (->)(->): R Ribeira Nova - Tv Carvalho),Lixos,CV0090,90,1,90
-9.146144218,38.70778398,468,Misericordia,15842: Tv Carvalho (Ambos (->)(->): R Ribeira Nova - Tv Carvalho),Lixos,CV0090,90,1,90
-9.145639847,38.70788744,469,Misericordia,15843: Tv Carvalho (Ambos (->)(->): Tv Carvalho - Pc Sao Paulo),Lixos,CV0090,90,1,90
-9.145639847,38.70788744,470,Misericordia,15843: Tv Carvalho (Ambos (->)(->): Tv Carvalho - Pc Sao Paulo),Lixos,CV0140,140,4,560
-9.145639847,38.70788744,471,Misericordia,15843: Tv Carvalho (Ambos (->)(->): Tv Carvalho - Pc Sao Paulo),Lixos,CV0240,240,2,480
-9.145639847,38.70788744,472,Misericordia,15843: Tv Carvalho (Ambos (->)(->): Tv Carvalho - Pc Sao Paulo),Papel e Cartao,CV0090,90,1,90
-9.145639847,38.70788744,473,Misericordia,15843: Tv Carvalho (Ambos (->)(->): Tv Carvalho - Pc Sao Paulo),Papel e Cartao,CV0140,140,2,280
-9.145988636,38.70816366,474,Misericordia,15844: Tv Carvalho (Ambos (->)(->): Tv Carvalho - R Sao Paulo),Lixos,CV0140,140,1,140
-9.145988636,38.70816366,475,Misericordia,15844: Tv Carvalho (Ambos (->)(->): Tv Carvalho - R Sao Paulo),Lixos,CV0140,140,1,140
-9.151993526,38.70762498,476,Misericordia,15845: R Dom Luis I (Ambos (43->55)(30->42): Av Dom Carlos I - Bqr do Duro),Lixos,CV0120,120,1,120
-9.151993526,38.70762498,477,Misericordia,15845: R Dom Luis I (Ambos (43->55)(30->42): Av Dom Carlos I - Bqr do Duro),Lixos,CV0240,240,20,4800
-9.150935625,38.70760718,478,Misericordia,15846: R Dom Luis I (Ambos (23->27)(28->28): Bqr do Duro - R Instituto Industrial),Lixos,CV0240,240,5,1200
-9.149935581,38.7076159,479,Misericordia,15847: R Dom Luis I (Ambos (19->21)(16->22): R Instituto Industrial - Bqr dos Ferreiros),Lixos,CV0240,240,18,4320
-9.149935581,38.7076159,480,Misericordia,15847: R Dom Luis I (Ambos (19->21)(16->22): R Instituto Industrial - Bqr dos Ferreiros),Lixos,CV0120,120,1,120
-9.148290555,38.70754014,481,Misericordia,15848: R Dom Luis I (Ambos (1->7)(2->12): Bqr dos Ferreiros - Pc Dom Luis I),Lixos,CV0240,240,13,3120
-9.148290555,38.70754014,482,Misericordia,15848: R Dom Luis I (Ambos (1->7)(2->12): Bqr dos Ferreiros - Pc Dom Luis I),Lixos,CV1100,1100,4,4400
-9.148290555,38.70754014,483,Misericordia,15848: R Dom Luis I (Ambos (1->7)(2->12): Bqr dos Ferreiros - Pc Dom Luis I),Lixos,CV0120,120,1,120
-9.148290555,38.70754014,484,Misericordia,15848: R Dom Luis I (Ambos (1->7)(2->12): Bqr dos Ferreiros - Pc Dom Luis I),Lixos,CV0090,90,1,90
-9.147146202,38.70709969,485,Misericordia,15849: Pc Dom Luis I (Ambos (1->27)(->): R Dom Luis I - Av 24 de Julho),Lixos,CV0240,240,4,960
-9.148353992,38.71039507,486,Misericordia,"15850: Tv Condessa do Rio, Fte 3",Lixos,CV0240,240,3,720
-9.148353992,38.71039507,487,Misericordia,"15850: Tv Condessa do Rio, Fte 3",Lixos,CV0240,240,3,720
-9.148353992,38.71039507,488,Misericordia,"15850: Tv Condessa do Rio, Fte 3",Embalagens,CV0240,240,1,240
-9.146715901,38.70756283,489,Misericordia,15851: Pc Dom Luis I (Ambos (29->34)(->): R Ribeira Nova - R Dom Luis I),Lixos,CV0240,240,1,240
-9.146715901,38.70756283,490,Misericordia,15851: Pc Dom Luis I (Ambos (29->34)(->): R Ribeira Nova - R Dom Luis I),Lixos,CV0140,140,2,280
-9.146715901,38.70756283,491,Misericordia,15851: Pc Dom Luis I (Ambos (29->34)(->): R Ribeira Nova - R Dom Luis I),Papel e Cartao,CV0140,140,2,280
-9.144930015,38.70728106,494,Misericordia,15852: R Ribeira Nova (Ambos (1->)(2->20): R Remolares - R Instituto Dona Amelia),Lixos,CV0140,140,1,140
-9.144930015,38.70728106,495,Misericordia,15852: R Ribeira Nova (Ambos (1->)(2->20): R Remolares - R Instituto Dona Amelia),Lixos,CV0120,120,1,120
-9.144930015,38.70728106,496,Misericordia,15852: R Ribeira Nova (Ambos (1->)(2->20): R Remolares - R Instituto Dona Amelia),Lixos,CV0090,90,1,90
-9.144930015,38.70728106,492,Misericordia,15852: R Ribeira Nova (Ambos (1->)(2->20): R Remolares - R Instituto Dona Amelia),Lixos,CV0240,240,1,240
-9.144930015,38.70728106,493,Misericordia,15852: R Ribeira Nova (Ambos (1->)(2->20): R Remolares - R Instituto Dona Amelia),Papel e Cartao,CV0240,240,1,240
-9.145853665,38.7075613,497,Misericordia,15853: R Ribeira Nova (Ambos (->)(22->64): R Instituto Dona Amelia - Pc Dom Luis I),Lixos,CV0120,120,1,120
-9.145853665,38.7075613,498,Misericordia,15853: R Ribeira Nova (Ambos (->)(22->64): R Instituto Dona Amelia - Pc Dom Luis I),Lixos,CV0140,140,3,420
-9.145853665,38.7075613,499,Misericordia,15853: R Ribeira Nova (Ambos (->)(22->64): R Instituto Dona Amelia - Pc Dom Luis I),Lixos,CV0090,90,1,90
-9.145853665,38.7075613,500,Misericordia,15853: R Ribeira Nova (Ambos (->)(22->64): R Instituto Dona Amelia - Pc Dom Luis I),Lixos,CV0240,240,2,480
-9.145853665,38.7075613,501,Misericordia,15853: R Ribeira Nova (Ambos (->)(22->64): R Instituto Dona Amelia - Pc Dom Luis I),Papel e Cartao,CV0340,340,2,680
-9.145853665,38.7075613,502,Misericordia,15853: R Ribeira Nova (Ambos (->)(22->64): R Instituto Dona Amelia - Pc Dom Luis I),Papel e Cartao,CV0090,90,1,90
-9.145853665,38.7075613,503,Misericordia,15853: R Ribeira Nova (Ambos (->)(22->64): R Instituto Dona Amelia - Pc Dom Luis I),Papel e Cartao,CV0240,240,3,720
-9.14350797,38.70752758,504,Misericordia,15855: R Sao Paulo (Par (->)(2->58): R Corpo Santo - R Flores),Lixos,CV0240,240,3,720
-9.14350797,38.70752758,505,Misericordia,15855: R Sao Paulo (Par (->)(2->58): R Corpo Santo - R Flores),Lixos,CV0120,120,1,120
-9.14350797,38.70752758,506,Misericordia,15855: R Sao Paulo (Par (->)(2->58): R Corpo Santo - R Flores),Lixos,CV0140,140,5,700
-9.14350797,38.70752758,507,Misericordia,15855: R Sao Paulo (Par (->)(2->58): R Corpo Santo - R Flores),Lixos,CV0240,240,3,720
-9.14350797,38.70752758,508,Misericordia,15855: R Sao Paulo (Par (->)(2->58): R Corpo Santo - R Flores),Lixos,CV0120,120,1,120
-9.14350797,38.70752758,509,Misericordia,15855: R Sao Paulo (Par (->)(2->58): R Corpo Santo - R Flores),Lixos,CV0140,140,5,700
-9.144154727,38.70773817,510,Misericordia,15856: R Sao Paulo (Par (->)(60->82): R Flores - Pc Sao Paulo),Lixos,CV0240,240,4,960
-9.144154727,38.70773817,511,Misericordia,15856: R Sao Paulo (Par (->)(60->82): R Flores - Pc Sao Paulo),Lixos,CV0140,140,2,280
-9.144154727,38.70773817,512,Misericordia,15856: R Sao Paulo (Par (->)(60->82): R Flores - Pc Sao Paulo),Lixos,CV0120,120,1,120
-9.144154727,38.70773817,513,Misericordia,15856: R Sao Paulo (Par (->)(60->82): R Flores - Pc Sao Paulo),Lixos,CV0240,240,4,960
-9.144154727,38.70773817,514,Misericordia,15856: R Sao Paulo (Par (->)(60->82): R Flores - Pc Sao Paulo),Lixos,CV0140,140,2,280
-9.144154727,38.70773817,515,Misericordia,15856: R Sao Paulo (Par (->)(60->82): R Flores - Pc Sao Paulo),Lixos,CV0120,120,1,120
-9.144188704,38.70770185,516,Misericordia,15857: R Sao Paulo (Impar (49->69)(->): Pc Sao Paulo - Tv dos Remolares),Lixos,CV0240,240,1,240
-9.144188704,38.70770185,517,Misericordia,15857: R Sao Paulo (Impar (49->69)(->): Pc Sao Paulo - Tv dos Remolares),Lixos,CV0140,140,1,140
-9.144188704,38.70770185,518,Misericordia,15857: R Sao Paulo (Impar (49->69)(->): Pc Sao Paulo - Tv dos Remolares),Lixos,CV0240,240,1,240
-9.144188704,38.70770185,519,Misericordia,15857: R Sao Paulo (Impar (49->69)(->): Pc Sao Paulo - Tv dos Remolares),Lixos,CV0140,140,1,140
-9.144188704,38.70770185,520,Misericordia,15857: R Sao Paulo (Impar (49->69)(->): Pc Sao Paulo - Tv dos Remolares),Papel e Cartao,CV0140,140,1,140
-9.14351883,38.70748245,521,Misericordia,15858: R Sao Paulo (Impar (1->47)(->): Tv dos Remolares - Tv Corpo Santo),Lixos,CV0090,90,1,90
-9.14351883,38.70748245,522,Misericordia,15858: R Sao Paulo (Impar (1->47)(->): Tv dos Remolares - Tv Corpo Santo),Lixos,CV0140,140,3,420
-9.14351883,38.70748245,523,Misericordia,15858: R Sao Paulo (Impar (1->47)(->): Tv dos Remolares - Tv Corpo Santo),Lixos,CV0240,240,1,240
-9.14351883,38.70748245,524,Misericordia,15858: R Sao Paulo (Impar (1->47)(->): Tv dos Remolares - Tv Corpo Santo),Lixos,CV0090,90,1,90
-9.14351883,38.70748245,525,Misericordia,15858: R Sao Paulo (Impar (1->47)(->): Tv dos Remolares - Tv Corpo Santo),Lixos,CV0140,140,3,420
-9.14351883,38.70748245,526,Misericordia,15858: R Sao Paulo (Impar (1->47)(->): Tv dos Remolares - Tv Corpo Santo),Lixos,CV0240,240,1,240
-9.144754745,38.70789511,527,Misericordia,15859: R Sao Paulo (Ambos (->)(88->118): Pc Sao Paulo - Pc Sao Paulo),Lixos,CV0090,90,3,270
-9.144754745,38.70789511,528,Misericordia,15859: R Sao Paulo (Ambos (->)(88->118): Pc Sao Paulo - Pc Sao Paulo),Lixos,CV0140,140,5,700
-9.144754745,38.70789511,529,Misericordia,15859: R Sao Paulo (Ambos (->)(88->118): Pc Sao Paulo - Pc Sao Paulo),Lixos,CV0240,240,2,480
-9.144754745,38.70789511,530,Misericordia,15859: R Sao Paulo (Ambos (->)(88->118): Pc Sao Paulo - Pc Sao Paulo),Lixos,CV0090,90,3,270
-9.144754745,38.70789511,531,Misericordia,15859: R Sao Paulo (Ambos (->)(88->118): Pc Sao Paulo - Pc Sao Paulo),Lixos,CV0140,140,5,700
-9.144754745,38.70789511,532,Misericordia,15859: R Sao Paulo (Ambos (->)(88->118): Pc Sao Paulo - Pc Sao Paulo),Lixos,CV0240,240,2,480
-9.144754745,38.70789511,533,Misericordia,15859: R Sao Paulo (Ambos (->)(88->118): Pc Sao Paulo - Pc Sao Paulo),Papel e Cartao,CV0140,140,1,140
-9.145528588,38.70814963,534,Misericordia,15860: R Sao Paulo (Ambos (71->77)(120->178): Pc Sao Paulo - Tv Carvalho),Lixos,CV0090,90,3,270
-9.145528588,38.70814963,535,Misericordia,15860: R Sao Paulo (Ambos (71->77)(120->178): Pc Sao Paulo - Tv Carvalho),Lixos,CV0240,240,3,720
-9.145528588,38.70814963,536,Misericordia,15860: R Sao Paulo (Ambos (71->77)(120->178): Pc Sao Paulo - Tv Carvalho),Lixos,CV0140,140,11,1540
-9.145528588,38.70814963,537,Misericordia,15860: R Sao Paulo (Ambos (71->77)(120->178): Pc Sao Paulo - Tv Carvalho),Lixos,CV0120,120,2,240
-9.145528588,38.70814963,538,Misericordia,15860: R Sao Paulo (Ambos (71->77)(120->178): Pc Sao Paulo - Tv Carvalho),Lixos,CV0090,90,3,270
-9.145528588,38.70814963,539,Misericordia,15860: R Sao Paulo (Ambos (71->77)(120->178): Pc Sao Paulo - Tv Carvalho),Lixos,CV0240,240,3,720
-9.145528588,38.70814963,540,Misericordia,15860: R Sao Paulo (Ambos (71->77)(120->178): Pc Sao Paulo - Tv Carvalho),Lixos,CV0140,140,11,1540
-9.145528588,38.70814963,541,Misericordia,15860: R Sao Paulo (Ambos (71->77)(120->178): Pc Sao Paulo - Tv Carvalho),Lixos,CV0120,120,2,240
-9.145528588,38.70814963,542,Misericordia,15860: R Sao Paulo (Ambos (71->77)(120->178): Pc Sao Paulo - Tv Carvalho),Papel e Cartao,CV0240,240,2,480
-9.146060151,38.70834319,543,Misericordia,15861: R Sao Paulo (Ambos (79->87)(180->198): Tv Carvalho - Bc da Moeda),Lixos,CV0140,140,5,700
-9.146060151,38.70834319,544,Misericordia,15861: R Sao Paulo (Ambos (79->87)(180->198): Tv Carvalho - Bc da Moeda),Lixos,CV0090,90,2,180
-9.146060151,38.70834319,545,Misericordia,15861: R Sao Paulo (Ambos (79->87)(180->198): Tv Carvalho - Bc da Moeda),Lixos,CV0120,120,1,120
-9.146060151,38.70834319,546,Misericordia,15861: R Sao Paulo (Ambos (79->87)(180->198): Tv Carvalho - Bc da Moeda),Lixos,CV0140,140,5,700
-9.146060151,38.70834319,547,Misericordia,15861: R Sao Paulo (Ambos (79->87)(180->198): Tv Carvalho - Bc da Moeda),Lixos,CV0090,90,2,180
-9.146060151,38.70834319,548,Misericordia,15861: R Sao Paulo (Ambos (79->87)(180->198): Tv Carvalho - Bc da Moeda),Lixos,CV0120,120,1,120
-9.146348797,38.70843077,549,Misericordia,15862: R Sao Paulo (Ambos (89->)(200->216): Bc da Moeda - Cc da Bica Grande),Lixos,CV0090,90,1,90
-9.146348797,38.70843077,550,Misericordia,15862: R Sao Paulo (Ambos (89->)(200->216): Bc da Moeda - Cc da Bica Grande),Lixos,CV0140,140,2,280
-9.146348797,38.70843077,551,Misericordia,15862: R Sao Paulo (Ambos (89->)(200->216): Bc da Moeda - Cc da Bica Grande),Lixos,CV0090,90,1,90
-9.146348797,38.70843077,552,Misericordia,15862: R Sao Paulo (Ambos (89->)(200->216): Bc da Moeda - Cc da Bica Grande),Lixos,CV0140,140,2,280
-9.14664843,38.70848221,553,Misericordia,15863: R Sao Paulo (Ambos (->)(218->226): Cc da Bica Grande - R Moeda),Lixos,CV0240,240,1,240
-9.14664843,38.70848221,554,Misericordia,15863: R Sao Paulo (Ambos (->)(218->226): Cc da Bica Grande - R Moeda),Lixos,CV0140,140,1,140
-9.14664843,38.70848221,555,Misericordia,15863: R Sao Paulo (Ambos (->)(218->226): Cc da Bica Grande - R Moeda),Lixos,CV0240,240,1,240
-9.14664843,38.70848221,556,Misericordia,15863: R Sao Paulo (Ambos (->)(218->226): Cc da Bica Grande - R Moeda),Lixos,CV0140,140,1,140
-9.146958664,38.70847051,563,Misericordia,15864: R Sao Paulo (Ambos (91->129)(228->260): R Moeda - R da Boavista),Lixos,CV0240,240,4,960
-9.146958664,38.70847051,564,Misericordia,15864: R Sao Paulo (Ambos (91->129)(228->260): R Moeda - R da Boavista),Lixos,CV0140,140,4,560
-9.146958664,38.70847051,557,Misericordia,15864: R Sao Paulo (Ambos (91->129)(228->260): R Moeda - R da Boavista),Lixos,CV0090,90,1,90
-9.146958664,38.70847051,558,Misericordia,15864: R Sao Paulo (Ambos (91->129)(228->260): R Moeda - R da Boavista),Lixos,CV0120,120,1,120
-9.146958664,38.70847051,559,Misericordia,15864: R Sao Paulo (Ambos (91->129)(228->260): R Moeda - R da Boavista),Lixos,CV0240,240,4,960
-9.146958664,38.70847051,560,Misericordia,15864: R Sao Paulo (Ambos (91->129)(228->260): R Moeda - R da Boavista),Lixos,CV0140,140,4,560
-9.146958664,38.70847051,561,Misericordia,15864: R Sao Paulo (Ambos (91->129)(228->260): R Moeda - R da Boavista),Lixos,CV0090,90,1,90
-9.146958664,38.70847051,562,Misericordia,15864: R Sao Paulo (Ambos (91->129)(228->260): R Moeda - R da Boavista),Lixos,CV0120,120,1,120
-9.144288217,38.70742174,565,Misericordia,15865: R Nova do Carvalho (Ambos (63->81)(58->78): Pc Sao Paulo - Tv dos Remolares),Lixos,CV0120,120,1,120
-9.144288217,38.70742174,566,Misericordia,15865: R Nova do Carvalho (Ambos (63->81)(58->78): Pc Sao Paulo - Tv dos Remolares),Lixos,CV0140,140,2,280
-9.144288217,38.70742174,567,Misericordia,15865: R Nova do Carvalho (Ambos (63->81)(58->78): Pc Sao Paulo - Tv dos Remolares),Lixos,CV0240,240,4,960
-9.144288217,38.70742174,568,Misericordia,15865: R Nova do Carvalho (Ambos (63->81)(58->78): Pc Sao Paulo - Tv dos Remolares),Lixos,CV0120,120,1,120
-9.144288217,38.70742174,569,Misericordia,15865: R Nova do Carvalho (Ambos (63->81)(58->78): Pc Sao Paulo - Tv dos Remolares),Lixos,CV0140,140,2,280
-9.144288217,38.70742174,570,Misericordia,15865: R Nova do Carvalho (Ambos (63->81)(58->78): Pc Sao Paulo - Tv dos Remolares),Lixos,CV0240,240,4,960
-9.144288217,38.70742174,571,Misericordia,15865: R Nova do Carvalho (Ambos (63->81)(58->78): Pc Sao Paulo - Tv dos Remolares),Papel e Cartao,CV0140,140,1,140
-9.144288217,38.70742174,572,Misericordia,15865: R Nova do Carvalho (Ambos (63->81)(58->78): Pc Sao Paulo - Tv dos Remolares),Papel e Cartao,CV0240,240,1,240
-9.143814518,38.7072547,573,Misericordia,15866: R Nova do Carvalho (Ambos (33->55)(26->56): Tv dos Remolares - R do Alecrim),Lixos,CV0140,140,1,140
-9.143814518,38.7072547,574,Misericordia,15866: R Nova do Carvalho (Ambos (33->55)(26->56): Tv dos Remolares - R do Alecrim),Lixos,CV0240,240,11,2640
-9.143814518,38.7072547,575,Misericordia,15866: R Nova do Carvalho (Ambos (33->55)(26->56): Tv dos Remolares - R do Alecrim),Lixos,CV0140,140,1,140
-9.143814518,38.7072547,576,Misericordia,15866: R Nova do Carvalho (Ambos (33->55)(26->56): Tv dos Remolares - R do Alecrim),Lixos,CV0240,240,11,2640
-9.143814518,38.7072547,577,Misericordia,15866: R Nova do Carvalho (Ambos (33->55)(26->56): Tv dos Remolares - R do Alecrim),Papel e Cartao,CV0240,240,2,480
-9.143192661,38.70717901,578,Misericordia,15867: R Nova do Carvalho (Ambos (1->29)(2->24): R do Alecrim - Tv Corpo Santo),Lixos,CV0090,90,2,180
-9.143192661,38.70717901,579,Misericordia,15867: R Nova do Carvalho (Ambos (1->29)(2->24): R do Alecrim - Tv Corpo Santo),Lixos,CV0240,240,3,720
-9.143192661,38.70717901,580,Misericordia,15867: R Nova do Carvalho (Ambos (1->29)(2->24): R do Alecrim - Tv Corpo Santo),Lixos,CV0140,140,3,420
-9.143192661,38.70717901,581,Misericordia,15867: R Nova do Carvalho (Ambos (1->29)(2->24): R do Alecrim - Tv Corpo Santo),Lixos,CV0090,90,2,180
-9.143192661,38.70717901,582,Misericordia,15867: R Nova do Carvalho (Ambos (1->29)(2->24): R do Alecrim - Tv Corpo Santo),Lixos,CV0240,240,3,720
-9.143192661,38.70717901,583,Misericordia,15867: R Nova do Carvalho (Ambos (1->29)(2->24): R do Alecrim - Tv Corpo Santo),Lixos,CV0140,140,3,420
-9.144027836,38.70689253,584,Misericordia,15868: R Remolares (Ambos (1->23)(2->26): Pc Duque da Terceira - Tv dos Remolares),Lixos,CV0090,90,1,90
-9.144027836,38.70689253,585,Misericordia,15868: R Remolares (Ambos (1->23)(2->26): Pc Duque da Terceira - Tv dos Remolares),Lixos,CV0240,240,5,1200
-9.144027836,38.70689253,586,Misericordia,15868: R Remolares (Ambos (1->23)(2->26): Pc Duque da Terceira - Tv dos Remolares),Lixos,CV0140,140,5,700
-9.144027836,38.70689253,587,Misericordia,15868: R Remolares (Ambos (1->23)(2->26): Pc Duque da Terceira - Tv dos Remolares),Lixos,CV0090,90,1,90
-9.144027836,38.70689253,588,Misericordia,15868: R Remolares (Ambos (1->23)(2->26): Pc Duque da Terceira - Tv dos Remolares),Lixos,CV0240,240,5,1200
-9.144027836,38.70689253,589,Misericordia,15868: R Remolares (Ambos (1->23)(2->26): Pc Duque da Terceira - Tv dos Remolares),Lixos,CV0140,140,5,700
-9.144027836,38.70689253,590,Misericordia,15868: R Remolares (Ambos (1->23)(2->26): Pc Duque da Terceira - Tv dos Remolares),Papel e Cartao,CV0140,140,2,280
-9.144478925,38.7070868,591,Misericordia,15869: R Remolares (Ambos (25->41)(28->48): Tv dos Remolares - Tv Ribeira Nova),Lixos,CV0140,140,4,560
-9.144478925,38.7070868,592,Misericordia,15869: R Remolares (Ambos (25->41)(28->48): Tv dos Remolares - Tv Ribeira Nova),Lixos,CV0120,120,2,240
-9.144478925,38.7070868,593,Misericordia,15869: R Remolares (Ambos (25->41)(28->48): Tv dos Remolares - Tv Ribeira Nova),Lixos,CV0140,140,4,560
-9.144478925,38.7070868,594,Misericordia,15869: R Remolares (Ambos (25->41)(28->48): Tv dos Remolares - Tv Ribeira Nova),Lixos,CV0120,120,2,240
-9.144416495,38.70673604,602,Misericordia,15871: Tv dos Remolares (Ambos (->)(->): Av 24 de Julho - R Remolares),Lixos,CV0240,240,1,240
-9.144416495,38.70673604,603,Misericordia,15871: Tv dos Remolares (Ambos (->)(->): Av 24 de Julho - R Remolares),Lixos,CV0240,240,1,240
-9.144169838,38.70717956,611,Misericordia,15873: Tv dos Remolares (Ambos (->)(->): R Nova do Carvalho - R Nova do Carvalho),Lixos,CV0140,140,2,280
-9.144169838,38.70717956,612,Misericordia,15873: Tv dos Remolares (Ambos (->)(->): R Nova do Carvalho - R Nova do Carvalho),Lixos,CV0240,240,1,240
-9.144169838,38.70717956,613,Misericordia,15873: Tv dos Remolares (Ambos (->)(->): R Nova do Carvalho - R Nova do Carvalho),Lixos,CV0120,120,1,120
-9.144169838,38.70717956,614,Misericordia,15873: Tv dos Remolares (Ambos (->)(->): R Nova do Carvalho - R Nova do Carvalho),Lixos,CV0140,140,2,280
-9.144169838,38.70717956,615,Misericordia,15873: Tv dos Remolares (Ambos (->)(->): R Nova do Carvalho - R Nova do Carvalho),Lixos,CV0240,240,1,240
-9.144169838,38.70717956,616,Misericordia,15873: Tv dos Remolares (Ambos (->)(->): R Nova do Carvalho - R Nova do Carvalho),Lixos,CV0120,120,1,120
-9.14401336,38.70749619,617,Misericordia,15875: Tv dos Remolares (Ambos (->)(->): R Sao Paulo - R Nova do Carvalho),Lixos,CV0090,90,1,90
-9.14401336,38.70749619,618,Misericordia,15875: Tv dos Remolares (Ambos (->)(->): R Sao Paulo - R Nova do Carvalho),Lixos,CV0240,240,1,240
-9.14401336,38.70749619,619,Misericordia,15875: Tv dos Remolares (Ambos (->)(->): R Sao Paulo - R Nova do Carvalho),Lixos,CV0140,140,1,140
-9.14401336,38.70749619,620,Misericordia,15875: Tv dos Remolares (Ambos (->)(->): R Sao Paulo - R Nova do Carvalho),Lixos,CV0090,90,1,90
-9.14401336,38.70749619,621,Misericordia,15875: Tv dos Remolares (Ambos (->)(->): R Sao Paulo - R Nova do Carvalho),Lixos,CV0240,240,1,240
-9.14401336,38.70749619,622,Misericordia,15875: Tv dos Remolares (Ambos (->)(->): R Sao Paulo - R Nova do Carvalho),Lixos,CV0140,140,1,140
-9.144047329,38.70582944,623,Misericordia,15876: Cais do Sodre (Ambos (->)(8->): Av 24 de Julho - R Cintura (Santos)),Lixos,CV0240,240,7,1680
-9.143242333,38.70580939,624,Misericordia,15877: Cais do Sodre (Ambos (->)(->): R Cintura (Santos) - Pc Duque da Terceira),Lixos,CV0240,240,1,240
-9.142814171,38.70642562,625,Misericordia,15878: Cais do Sodre (Ambos (->)(10->46): Pc Duque da Terceira - Tv Corpo Santo),Lixos,CV0240,240,1,240
-9.142814171,38.70642562,626,Misericordia,15878: Cais do Sodre (Ambos (->)(10->46): Pc Duque da Terceira - Tv Corpo Santo),Lixos,CV0140,140,1,140
-9.142814171,38.70642562,627,Misericordia,15878: Cais do Sodre (Ambos (->)(10->46): Pc Duque da Terceira - Tv Corpo Santo),Lixos,CV0240,240,1,240
-9.142814171,38.70642562,628,Misericordia,15878: Cais do Sodre (Ambos (->)(10->46): Pc Duque da Terceira - Tv Corpo Santo),Lixos,CV0140,140,1,140
-9.142229849,38.70656579,629,Misericordia,15879: Cais do Sodre (Ambos (->)(2->16): Tv Corpo Santo - Lg Corpo Santo),Lixos,CV0140,140,2,280
-9.142229849,38.70656579,630,Misericordia,15879: Cais do Sodre (Ambos (->)(2->16): Tv Corpo Santo - Lg Corpo Santo),Lixos,CV0140,140,2,280
-9.142229849,38.70656579,631,Misericordia,15879: Cais do Sodre (Ambos (->)(2->16): Tv Corpo Santo - Lg Corpo Santo),Papel e Cartao,CV0140,140,1,140
-9.146220062,38.70826974,632,Misericordia,15880: Bc da Moeda (Ambos (->)(4->6): R Sao Paulo - R Sao Paulo),Lixos,CV0090,90,1,90
-9.146220062,38.70826974,633,Misericordia,15880: Bc da Moeda (Ambos (->)(4->6): R Sao Paulo - R Sao Paulo),Lixos,CV0090,90,1,90
-9.149564432,38.70900633,634,Misericordia,"15881: Pto Galega (Rua da Boavista, 118) (Ambos (->)(18->): R da Boavista - R da Boavista)",Lixos,CV0240,240,1,240
-9.150599493,38.70903335,635,Misericordia,15882: Bc da Boavista (Ambos (->)(4->10): R da Boavista - R da Boavista),Lixos,CV0140,140,1,140
-9.150599493,38.70903335,636,Misericordia,15882: Bc da Boavista (Ambos (->)(4->10): R da Boavista - R da Boavista),Lixos,CV0090,90,1,90
-9.144620547,38.7073468,637,Misericordia,15883: Tv Ribeira Nova (Ambos (->)(->): R Remolares - R Nova do Carvalho),Lixos,CV0090,90,1,90
-9.144620547,38.7073468,638,Misericordia,15883: Tv Ribeira Nova (Ambos (->)(->): R Remolares - R Nova do Carvalho),Lixos,CV0090,90,1,90
-9.144764004,38.70692219,639,Misericordia,15884: Pc Ribeira Nova (Ambos (->)(2->18): Av 24 de Julho - R Ribeira Nova),Lixos,CV0240,240,1,240
-9.144764004,38.70692219,640,Misericordia,15884: Pc Ribeira Nova (Ambos (->)(2->18): Av 24 de Julho - R Ribeira Nova),Lixos,CV0240,240,1,240
-9.144764004,38.70692219,641,Misericordia,15884: Pc Ribeira Nova (Ambos (->)(2->18): Av 24 de Julho - R Ribeira Nova),Papel e Cartao,CA1100,1100,1,1100
-9.145088222,38.70790123,642,Misericordia,15885: Pc Sao Paulo (Ambos (->)(->): R Sao Paulo - Tv Carvalho),Lixos,CV0240,240,1,240
-9.145088222,38.70790123,643,Misericordia,15885: Pc Sao Paulo (Ambos (->)(->): R Sao Paulo - Tv Carvalho),Lixos,CV0240,240,1,240
-9.144888868,38.70762372,644,Misericordia,15886: Pc Sao Paulo (Ambos (1->9)(4->8): Tv Carvalho - Tv Ribeira Nova),Lixos,CV0140,140,4,560
-9.144888868,38.70762372,645,Misericordia,15886: Pc Sao Paulo (Ambos (1->9)(4->8): Tv Carvalho - Tv Ribeira Nova),Lixos,CV0240,240,1,240
-9.144888868,38.70762372,646,Misericordia,15886: Pc Sao Paulo (Ambos (1->9)(4->8): Tv Carvalho - Tv Ribeira Nova),Papel e Cartao,CV0140,140,1,140
-9.144475184,38.70763631,647,Misericordia,15887: Pc Sao Paulo (Ambos (17->19)(16->18): Tv Ribeira Nova - R Sao Paulo),Lixos,CV0240,240,1,240
-9.144475184,38.70763631,648,Misericordia,15887: Pc Sao Paulo (Ambos (17->19)(16->18): Tv Ribeira Nova - R Sao Paulo),Lixos,CV0240,240,1,240
-9.143298848,38.70655655,649,Misericordia,15888: Pc Duque da Terceira (Ambos (->)(24->): Cais do Sodre - R Bernardino da Costa),Lixos,CV0240,240,2,480
-9.143298848,38.70655655,650,Misericordia,15888: Pc Duque da Terceira (Ambos (->)(24->): Cais do Sodre - R Bernardino da Costa),Papel e Cartao,CV0240,240,1,240
-9.143404712,38.70672678,651,Misericordia,15889: Pc Duque da Terceira (Ambos (15->19)(14->18): R Bernardino da Costa - R do Alecrim),Lixos,CV0140,140,2,280
-9.143404712,38.70672678,652,Misericordia,15889: Pc Duque da Terceira (Ambos (15->19)(14->18): R Bernardino da Costa - R do Alecrim),Lixos,CV0090,90,1,90
-9.143404712,38.70672678,653,Misericordia,15889: Pc Duque da Terceira (Ambos (15->19)(14->18): R Bernardino da Costa - R do Alecrim),Lixos,CV0120,120,1,120
-9.143404712,38.70672678,654,Misericordia,15889: Pc Duque da Terceira (Ambos (15->19)(14->18): R Bernardino da Costa - R do Alecrim),Lixos,CV0140,140,2,280
-9.143404712,38.70672678,655,Misericordia,15889: Pc Duque da Terceira (Ambos (15->19)(14->18): R Bernardino da Costa - R do Alecrim),Lixos,CV0090,90,1,90
-9.143404712,38.70672678,656,Misericordia,15889: Pc Duque da Terceira (Ambos (15->19)(14->18): R Bernardino da Costa - R do Alecrim),Lixos,CV0120,120,1,120
-9.143404712,38.70672678,657,Misericordia,15889: Pc Duque da Terceira (Ambos (15->19)(14->18): R Bernardino da Costa - R do Alecrim),Papel e Cartao,CV0140,140,2,280
-9.143611743,38.706734,658,Misericordia,15890: Pc Duque da Terceira (Ambos (9->13)(->): R do Alecrim - R Remolares),Lixos,CV0090,90,1,90
-9.143611743,38.706734,659,Misericordia,15890: Pc Duque da Terceira (Ambos (9->13)(->): R do Alecrim - R Remolares),Lixos,CV0140,140,4,560
-9.143611743,38.706734,660,Misericordia,15890: Pc Duque da Terceira (Ambos (9->13)(->): R do Alecrim - R Remolares),Lixos,CV0090,90,1,90
-9.143611743,38.706734,661,Misericordia,15890: Pc Duque da Terceira (Ambos (9->13)(->): R do Alecrim - R Remolares),Lixos,CV0140,140,4,560
-9.143759014,38.70657959,662,Misericordia,15891: Pc Duque da Terceira (Ambos (1->)(2->4): R Remolares - Av 24 de Julho),Lixos,CV0140,140,2,280
-9.143759014,38.70657959,663,Misericordia,15891: Pc Duque da Terceira (Ambos (1->)(2->4): R Remolares - Av 24 de Julho),Lixos,CV0140,140,2,280
-9.143759014,38.70657959,664,Misericordia,15891: Pc Duque da Terceira (Ambos (1->)(2->4): R Remolares - Av 24 de Julho),Papel e Cartao,CV0240,240,1,240
-9.142005028,38.70692805,333,Misericordia,15892: Lg Corpo Santo (Ambos (->)(2->6): Cais do Sodre - R Arsenal),Lixos,CV0140,140,1,140
-9.1420101,38.70728832,334,Misericordia,15893: Lg Corpo Santo (Ambos (13->)(10->28): R Arsenal - Cc do Ferragial),Lixos,CV0090,90,1,90
-9.1420101,38.70728832,335,Misericordia,15893: Lg Corpo Santo (Ambos (13->)(10->28): R Arsenal - Cc do Ferragial),Lixos,CV0140,140,4,560
-9.1420101,38.70728832,336,Misericordia,15893: Lg Corpo Santo (Ambos (13->)(10->28): R Arsenal - Cc do Ferragial),Lixos,CV0240,240,2,480
-9.1420101,38.70728832,337,Misericordia,15893: Lg Corpo Santo (Ambos (13->)(10->28): R Arsenal - Cc do Ferragial),Lixos,CV0090,90,1,90
-9.1420101,38.70728832,338,Misericordia,15893: Lg Corpo Santo (Ambos (13->)(10->28): R Arsenal - Cc do Ferragial),Lixos,CV0140,140,4,560
-9.1420101,38.70728832,339,Misericordia,15893: Lg Corpo Santo (Ambos (13->)(10->28): R Arsenal - Cc do Ferragial),Lixos,CV0240,240,2,480
-9.14208135,38.70744985,342,Misericordia,15894: Lg Corpo Santo (Ambos (15->23)(14->22): Cc do Ferragial - R Corpo Santo),Lixos,CV0240,240,1,240
-9.14208135,38.70744985,343,Misericordia,15894: Lg Corpo Santo (Ambos (15->23)(14->22): Cc do Ferragial - R Corpo Santo),Lixos,CV0140,140,2,280
-9.14208135,38.70744985,344,Misericordia,15894: Lg Corpo Santo (Ambos (15->23)(14->22): Cc do Ferragial - R Corpo Santo),Lixos,CV0240,240,1,240
-9.14208135,38.70744985,340,Misericordia,15894: Lg Corpo Santo (Ambos (15->23)(14->22): Cc do Ferragial - R Corpo Santo),Lixos,CV0140,140,2,280
-9.14208135,38.70744985,341,Misericordia,15894: Lg Corpo Santo (Ambos (15->23)(14->22): Cc do Ferragial - R Corpo Santo),Papel e Cartao,CV0240,240,1,240
-9.149863686,38.70903075,345,Misericordia,15896: Bc Francisco Andre (Ambos (3->)(->): R da Boavista - R da Boavista),Lixos,CV0140,140,1,140
-9.14534815,38.7075837,346,Misericordia,15897: Tv de Sao Paulo (Ambos (->)(->): Pc Sao Paulo - R Ribeira Nova),Lixos,CV0140,140,2,280
-9.14534815,38.7075837,347,Misericordia,15897: Tv de Sao Paulo (Ambos (->)(->): Pc Sao Paulo - R Ribeira Nova),Lixos,CV0240,240,1,240
-9.14534815,38.7075837,348,Misericordia,15897: Tv de Sao Paulo (Ambos (->)(->): Pc Sao Paulo - R Ribeira Nova),Lixos,CV0140,140,2,280
-9.14534815,38.7075837,349,Misericordia,15897: Tv de Sao Paulo (Ambos (->)(->): Pc Sao Paulo - R Ribeira Nova),Lixos,CV0240,240,1,240
-9.14534815,38.7075837,350,Misericordia,15897: Tv de Sao Paulo (Ambos (->)(->): Pc Sao Paulo - R Ribeira Nova),Papel e Cartao,CV0140,140,1,140
-9.1443768,38.70636706,351,Misericordia,15898: Av 24 de Julho (Impar (1->)(->): Pc Duque da Terceira - Tv dos Remolares),Lixos,CV0090,90,1,90
-9.1443768,38.70636706,352,Misericordia,15898: Av 24 de Julho (Impar (1->)(->): Pc Duque da Terceira - Tv dos Remolares),Lixos,CV0240,240,1,240
-9.1443768,38.70636706,353,Misericordia,15898: Av 24 de Julho (Impar (1->)(->): Pc Duque da Terceira - Tv dos Remolares),Lixos,CV0140,140,1,140
-9.144734149,38.70643602,354,Misericordia,15899: Av 24 de Julho (Par (->)(2->): Tv dos Remolares - Pc Ribeira Nova),Lixos,CV0140,140,1,140
-9.14751691,38.714609,43,Misericordia,"19365: R O Seculo, 150",Papel e Cartao,CV0240,240,2,480
-9.14751691,38.714609,42,Misericordia,"19365: R O Seculo, 150",Vidro,CV0240,240,1,240
-9.14751691,38.714609,41,Misericordia,"19365: R O Seculo, 150",Embalagens,CV0240,240,2,480
-9.14751691,38.714609,40,Misericordia,"19365: R O Seculo, 150",Lixos,CV0240,240,4,960
-9.14751691,38.714609,39,Misericordia,"19365: R O Seculo, 150",Lixos,CV0240,240,4,960
-9.151863405,38.71545391,133,Misericordia,"19216: R Marcos Portugal, Muro do Lg Agostinho da Silva",Papel e Cartao,CV0240,240,1,240
-9.151863405,38.71545391,134,Misericordia,"19216: R Marcos Portugal, Muro do Lg Agostinho da Silva",Papel e Cartao,CV0240,240,1,240
-9.151863405,38.71545391,135,Misericordia,"19216: R Marcos Portugal, Muro do Lg Agostinho da Silva",Embalagens,CV0240,240,1,240
-9.151863405,38.71545391,136,Misericordia,"19216: R Marcos Portugal, Muro do Lg Agostinho da Silva",Lixos,CV0240,240,1,240
-9.151863405,38.71545391,137,Misericordia,"19216: R Marcos Portugal, Muro do Lg Agostinho da Silva",Lixos,CV0240,240,1,240
-9.151863405,38.71545391,138,Misericordia,"19216: R Marcos Portugal, Muro do Lg Agostinho da Silva",Vidro,CV0240,240,1,240
-9.151863405,38.71545391,139,Misericordia,"19216: R Marcos Portugal, Muro do Lg Agostinho da Silva",Embalagens,CV0240,240,1,240
-9.147549562,38.71123078,210,Misericordia,"19280: Tv Andre Valente, jt silo",Papel e Cartao,CV0240,240,3,720
-9.147549562,38.71123078,209,Misericordia,"19280: Tv Andre Valente, jt silo",Lixos,CV0240,240,9,2160
-9.147549562,38.71123078,208,Misericordia,"19280: Tv Andre Valente, jt silo",Embalagens,CV0240,240,2,480
-9.147549562,38.71123078,211,Misericordia,"19280: Tv Andre Valente, jt silo",Lixos,CV0240,240,9,2160
-9.147549562,38.71123078,207,Misericordia,"19280: Tv Andre Valente, jt silo",Vidro,CV0240,240,1,240
-9.144224007,38.70694488,233,Misericordia,"19301: R Remolares, Crzt Tv Remolares",Vidro,VSP,1500,1,1500
-9.144224007,38.70694488,234,Misericordia,"19301: R Remolares, Crzt Tv Remolares",Vidro,VSP,1500,1,1500
-9.144407318,38.71015909,265,Misericordia,"19315: R Emenda, 100",Vidro,CV0140,140,1,140
-9.144900544,38.71089346,231,Misericordia,"19300: R Salgadeiras, SFC CZT  R. da Atalaia",Lixos,CV0240,240,2,480
-9.144900544,38.71089346,232,Misericordia,"19300: R Salgadeiras, SFC CZT  R. da Atalaia",Lixos,CV0240,240,2,480
-9.143880634,38.70949707,66,Misericordia,"19407: Tv Guilherme Cossoul, 10",Papel e Cartao,CV0240,240,1,240
-9.143880634,38.70949707,67,Misericordia,"19407: Tv Guilherme Cossoul, 10",Embalagens,CV0240,240,1,240
-9.151388551,38.70873822,214,Misericordia,"19282: Lg Conde-Barao, 19",Papel e Cartao,CV0140,140,1,140
-9.151388551,38.70873822,213,Misericordia,"19282: Lg Conde-Barao, 19",Embalagens,CV0140,140,1,140
-9.153108561,38.71327215,180,Misericordia,"19257: R Sao Bento, 212",Vidro,CV0140,140,2,280
-9.153108561,38.71327215,181,Misericordia,"19257: R Sao Bento, 212",Vidro,CV0140,140,2,280
-9.153108561,38.71327215,182,Misericordia,"19257: R Sao Bento, 212",Vidro,CV0140,140,2,280
-9.15311831,38.71637976,225,Misericordia,"19293: R Imprensa Nacional, 46",Vidro,CV0140,140,1,140
-9.142260747,38.70794373,245,Misericordia,"19310: R Vitor Cordon, 43",Vidro,CV0240,240,1,240
-9.144813491,38.70798468,267,Misericordia,"19319: R Sao Paulo, 108",Embalagens,CV0140,140,1,140
-9.153608439,38.71446582,163,Misericordia,"19236: R Sao Bento, 318",Vidro,CV0140,140,1,140
-9.153608439,38.71446582,164,Misericordia,"19236: R Sao Bento, 318",Organicos,CV0140,140,1,140
-9.144603489,38.71428298,227,Misericordia,"19295: R Teixeira, 1",Vidro,CV0140,140,1,140
-9.14464752,38.71088664,48,Misericordia,"19371: R Salgadeiras, SFC Jt 11",Lixos,CV0240,240,3,720
-9.14464752,38.71088664,47,Misericordia,"19371: R Salgadeiras, SFC Jt 11",Lixos,CV0240,240,3,720
-9.152425179,38.709684,121,Misericordia,"19390: R Poço dos Negros, crzt R Sao Bento",Lixos,CV0240,240,3,720
-9.152425179,38.709684,122,Misericordia,"19390: R Poço dos Negros, crzt R Sao Bento",Lixos,CV0240,240,3,720
-9.153055613,38.71197549,205,Misericordia,"19278: R Correia Garçao, 3",Vidro,CV0240,240,1,240
-9.153055613,38.71197549,206,Misericordia,"19278: R Correia Garçao, 3",Organicos,CV0240,240,1,240
-9.143011665,38.70738775,85,Misericordia,"19415: R Sao Paulo, 14 a 16",Embalagens,CV0140,140,1,140
-9.143856881,38.70944323,290,Misericordia,"19337: Tv Guilherme Cossoul, 11",Vidro,CV0140,140,1,140
-9.143856881,38.70944323,291,Misericordia,"19337: Tv Guilherme Cossoul, 11",Papel e Cartao,CV0140,140,1,140
-9.143856881,38.70944323,292,Misericordia,"19337: Tv Guilherme Cossoul, 11",Embalagens,CV0140,140,1,140
-9.15264388,38.71051081,692,Misericordia,"21843: R Sao Bento, 15",Organicos,CV0090,90,1,90
-9.15264388,38.71051081,693,Misericordia,"21843: R Sao Bento, 15",Vidro,CV0090,90,1,90
-9.151300393,38.71224303,694,Misericordia,"21844: R Cruz dos Poiais de Sao Bento, Crt R das Parreiras",Papel e Cartao,CV0240,240,1,240
-9.151300393,38.71224303,695,Misericordia,"21844: R Cruz dos Poiais de Sao Bento, Crt R das Parreiras",Papel e Cartao,CV0240,240,1,240
-9.151300393,38.71224303,696,Misericordia,"21844: R Cruz dos Poiais de Sao Bento, Crt R das Parreiras",Embalagens,CV0240,240,1,240
-9.151300393,38.71224303,697,Misericordia,"21844: R Cruz dos Poiais de Sao Bento, Crt R das Parreiras",Lixos,CV0240,240,1,240
-9.151300393,38.71224303,698,Misericordia,"21844: R Cruz dos Poiais de Sao Bento, Crt R das Parreiras",Vidro,CV0240,240,1,240
-9.151300393,38.71224303,699,Misericordia,"21844: R Cruz dos Poiais de Sao Bento, Crt R das Parreiras",Embalagens,CV0240,240,1,240
-9.151300393,38.71224303,700,Misericordia,"21844: R Cruz dos Poiais de Sao Bento, Crt R das Parreiras",Lixos,CV0240,240,1,240
-9.147528628,38.70569115,938,Misericordia,"21957: R da Cintura do Porto de Lisboa, 3154 Armazem B",Embalagens,CV0240,240,2,480
-9.147528628,38.70569115,939,Misericordia,"21957: R da Cintura do Porto de Lisboa, 3154 Armazem B",Lixos,CV0240,240,1,240
-9.147528628,38.70569115,940,Misericordia,"21957: R da Cintura do Porto de Lisboa, 3154 Armazem B",Vidro,CV0240,240,1,240
-9.15077561,38.70848234,944,Misericordia,"21959: R Instituto Industrial, 7-7D",Lixos,CV0240,240,1,240
-9.15077561,38.70848234,945,Misericordia,"21959: R Instituto Industrial, 7-7D",Embalagens,CV0240,240,2,480
-9.15077561,38.70848234,946,Misericordia,"21959: R Instituto Industrial, 7-7D",Vidro,CV0140,140,4,560
-9.15077561,38.70848234,947,Misericordia,"21959: R Instituto Industrial, 7-7D",Organicos,CV0240,240,3,720
-9.146054168,38.70791988,843,Misericordia,"21911: Tv Carvalho, frt nº 29",Papel e Cartao,ECIS3000,3000,2,6000
-9.146054168,38.70791988,844,Misericordia,"21911: Tv Carvalho, frt nº 29",Embalagens,ECIS3000,3000,2,6000
-9.146054168,38.70791988,845,Misericordia,"21911: Tv Carvalho, frt nº 29",Vidro,ECIS3000,3000,1,3000
-9.146054168,38.70791988,846,Misericordia,"21911: Tv Carvalho, frt nº 29",Lixos,ECIS3000,3000,2,6000
-9.149067977,38.70885752,921,Misericordia,"21952: R da Boavista, 88-94",Papel e Cartao,CV0090,90,1,90
-9.149067977,38.70885752,922,Misericordia,"21952: R da Boavista, 88-94",Organicos,CV0090,90,1,90
-9.149067977,38.70885752,923,Misericordia,"21952: R da Boavista, 88-94",Vidro,CV0140,140,1,140
-9.149067977,38.70885752,924,Misericordia,"21952: R da Boavista, 88-94",Embalagens,CV0090,90,1,90
-9.15158074,38.70770064,965,Misericordia,"21969: R Dom Luis I, 34",Papel e Cartao,CV0240,240,1,240
-9.15158074,38.70770064,966,Misericordia,"21969: R Dom Luis I, 34",Embalagens,CV0090,90,1,90
-9.144441604,38.70933007,715,Misericordia,"21854: R Emenda, 41-43-45-47",Papel e Cartao,CV0140,140,1,140
-9.144441604,38.70933007,716,Misericordia,"21854: R Emenda, 41-43-45-47",Vidro,CV0240,240,1,240
-9.144441604,38.70933007,717,Misericordia,"21854: R Emenda, 41-43-45-47",Embalagens,CV0140,140,1,140
-9.144083429,38.71164819,897,Misericordia,"21938: R Diario de Noticias, 40-A",Organicos,CV0240,240,1,240
-9.143292489,38.70773663,951,Misericordia,"21961: R do Alecrim, 24",Embalagens,CV0090,90,1,90
-9.147315299,38.71173725,736,Misericordia,"21866: R O Seculo, 12",Papel e Cartao,CV0090,90,1,90
-9.147315299,38.71173725,737,Misericordia,"21866: R O Seculo, 12",Organicos,CV0090,90,1,90
-9.147315299,38.71173725,738,Misericordia,"21866: R O Seculo, 12",Vidro,CV0090,90,1,90
-9.147315299,38.71173725,739,Misericordia,"21866: R O Seculo, 12",Embalagens,CV0090,90,1,90
-9.147315299,38.71173725,740,Misericordia,"21866: R O Seculo, 12",Lixos,CV0090,90,1,90
-9.147315299,38.71173725,741,Misericordia,"21866: R O Seculo, 12",Lixos,CV0090,90,1,90
-9.146424706,38.71054695,959,Misericordia,"21966: R Marechal Saldanha, 26-26/A",Lixos,CV0140,140,3,420
-9.146424706,38.71054695,960,Misericordia,"21966: R Marechal Saldanha, 26-26/A",Lixos,CV0140,140,3,420
-9.146424706,38.71054695,961,Misericordia,"21966: R Marechal Saldanha, 26-26/A",Organicos,CV0140,140,1,140
-9.146424706,38.71054695,962,Misericordia,"21966: R Marechal Saldanha, 26-26/A",Vidro,CV0140,140,1,140
-9.144977831,38.71066759,963,Misericordia,"21967: R Loreto, 57-59",Organicos,CV0140,140,1,140
-9.143233746,38.70764706,906,Misericordia,"21944: R Ferragial, 33-B",Vidro,CV0240,240,1,240
-9.143233746,38.70764706,907,Misericordia,"21944: R Ferragial, 33-B",Organicos,CV0240,240,1,240
-9.148416742,38.70752102,880,Misericordia,"21932: R Dom Luis I, 7-9",Embalagens,CV0240,240,1,240
-9.148416742,38.70752102,881,Misericordia,"21932: R Dom Luis I, 7-9",Papel e Cartao,CV0240,240,1,240
-9.146202328,38.70782851,789,Misericordia,"21889: Tv Carvalho, 27-27/A",Vidro,CV0090,90,1,90
-9.146202328,38.70782851,790,Misericordia,"21889: Tv Carvalho, 27-27/A",Vidro,CV0090,90,1,90
-9.142597828,38.70902175,869,Misericordia,"21925: R Antonio Maria Cardoso, 31/33/35",Papel e Cartao,CV0090,90,1,90
-9.142597828,38.70902175,870,Misericordia,"21925: R Antonio Maria Cardoso, 31/33/35",Lixos,CV0140,140,1,140
-9.142597828,38.70902175,871,Misericordia,"21925: R Antonio Maria Cardoso, 31/33/35",Lixos,CV0140,140,1,140
-9.145845743,38.71025471,874,Misericordia,"21927: Tv Sequeiro, Jt 8",Lixos,CV0240,240,5,1200
-9.145845743,38.71025471,875,Misericordia,"21927: Tv Sequeiro, Jt 8",Lixos,CV0240,240,5,1200
-9.144084572,38.71172925,898,Misericordia,"21939: R Diario de Noticias, 40-B",Organicos,CV0240,240,1,240
-9.152256635,38.71400022,912,Misericordia,"21949: R Quintinha, 70-B",Organicos,CV0140,140,1,140
-9.152256635,38.71400022,913,Misericordia,"21949: R Quintinha, 70-B",Vidro,CV0140,140,1,140
